gc_mm,v_m_s,Dh_mm,Re,Nu,h,regime,f_darcy,dP_per_m_Pa,dP_per_m_kPa,dP_per_m_pads_x2_kPa,dP_core_kPa
3,0.5,6,696.86,8.235,1509.8,laminar,0.13776,5702.4,5.7024,11.405,9.2949
3,1,6,1393.7,8.235,1509.8,laminar,0.06888,11405,11.405,22.81,18.59
3,2,6,2787.5,24.274,4450.2,transitional (blend),0.044399,29406,29.406,58.811,47.931
5,0.5,10,1161.4,8.235,905.85,laminar,0.082656,2052.9,2.0529,4.1057,3.3462
5,1,10,2322.9,8.9877,988.65,transitional (blend),0.041864,4159,4.159,8.318,6.7791
5,2,10,4645.8,52.51,5776.1,turbulent (Gnielinski),0.039516,15703,15.703,31.406,25.596
10,0.5,20,2322.9,8.9877,494.32,transitional (blend),0.041864,519.87,0.51987,1.0397,0.84739
10,1,20,4645.8,52.51,2888,turbulent (Gnielinski),0.039516,1962.9,1.9629,3.9257,3.1995
10,2,20,9291.5,105.89,5823.8,turbulent (Gnielinski),0.032138,6385.6,6.3856,12.771,10.409
