gc_mm,v_m_s,k_graphite,budget_K,peaking,h_W_m2K,P_limit_g0_MW,g_at_90pct_mm,g_at_50pct_mm,g_ref_fraction_mm,P_at_g_ref_MW,q_at_g_ref_MW_m3,frac_fuel,frac_graphite,frac_film,dominant_at_g_ref
3,0.5,30,50,3.2,1509.8,9.1288,0.29986,2.3978,2.9731,4.0076,21.885,0.46059,0.10844,0.43097,fuel
3,0.5,30,50,1.5,1509.8,19.475,0.29986,2.3978,2.9731,8.5496,21.885,0.46059,0.10844,0.43097,fuel
3,0.5,30,100,3.2,1509.8,18.258,0.29986,2.3978,2.9731,8.0152,43.769,0.46059,0.10844,0.43097,fuel
3,0.5,30,100,1.5,1509.8,38.949,0.29986,2.3978,2.9731,17.099,43.769,0.46059,0.10844,0.43097,fuel
3,0.5,15,50,3.2,1509.8,7.6007,0.34483,2.7306,2.9731,3.6155,19.744,0.41553,0.19567,0.38881,fuel
3,0.5,15,50,1.5,1509.8,16.215,0.34483,2.7306,2.9731,7.7131,19.744,0.41553,0.19567,0.38881,fuel
3,0.5,15,100,3.2,1509.8,15.201,0.34483,2.7306,2.9731,7.2311,39.487,0.41553,0.19567,0.38881,fuel
3,0.5,15,100,1.5,1509.8,32.43,0.34483,2.7306,2.9731,15.426,39.487,0.41553,0.19567,0.38881,fuel
3,1,30,50,3.2,1509.8,9.1288,0.29986,2.3978,2.9731,4.0076,21.885,0.46059,0.10844,0.43097,fuel
3,1,30,50,1.5,1509.8,19.475,0.29986,2.3978,2.9731,8.5496,21.885,0.46059,0.10844,0.43097,fuel
3,1,30,100,3.2,1509.8,18.258,0.29986,2.3978,2.9731,8.0152,43.769,0.46059,0.10844,0.43097,fuel
3,1,30,100,1.5,1509.8,38.949,0.29986,2.3978,2.9731,17.099,43.769,0.46059,0.10844,0.43097,fuel
3,1,15,50,3.2,1509.8,7.6007,0.34483,2.7306,2.9731,3.6155,19.744,0.41553,0.19567,0.38881,fuel
3,1,15,50,1.5,1509.8,16.215,0.34483,2.7306,2.9731,7.7131,19.744,0.41553,0.19567,0.38881,fuel
3,1,15,100,3.2,1509.8,15.201,0.34483,2.7306,2.9731,7.2311,39.487,0.41553,0.19567,0.38881,fuel
3,1,15,100,1.5,1509.8,32.43,0.34483,2.7306,2.9731,15.426,39.487,0.41553,0.19567,0.38881,fuel
3,2,30,50,3.2,4450.2,19.337,0.16092,1.3373,2.9731,5.6032,30.598,0.64397,0.15162,0.20442,fuel
3,2,30,50,1.5,4450.2,41.252,0.16092,1.3373,2.9731,11.953,30.598,0.64397,0.15162,0.20442,fuel
3,2,30,100,3.2,4450.2,38.674,0.16092,1.3373,2.9731,11.206,61.195,0.64397,0.15162,0.20442,fuel
3,2,30,100,1.5,4450.2,82.505,0.16092,1.3373,2.9731,23.907,61.195,0.64397,0.15162,0.20442,fuel
3,2,15,50,3.2,4450.2,13.562,0.2179,1.7801,2.9731,4.8655,26.569,0.55918,0.26331,0.1775,fuel
3,2,15,50,1.5,4450.2,28.932,0.2179,1.7801,2.9731,10.38,26.569,0.55918,0.26331,0.1775,fuel
3,2,15,100,3.2,4450.2,27.124,0.2179,1.7801,2.9731,9.731,53.138,0.55918,0.26331,0.1775,fuel
3,2,15,100,1.5,4450.2,57.863,0.2179,1.7801,2.9731,20.759,53.138,0.55918,0.26331,0.1775,fuel
5,0.5,30,50,3.2,905.85,5.1621,0.42879,3.3763,3.4305,2.5573,13.965,0.3913,0.079844,0.52886,film
5,0.5,30,50,1.5,905.85,11.012,0.42879,3.3763,3.4305,5.4556,13.965,0.3913,0.079844,0.52886,film
5,0.5,30,100,3.2,905.85,10.324,0.42879,3.3763,3.4305,5.1146,27.93,0.3913,0.079844,0.52886,film
5,0.5,30,100,1.5,905.85,22.025,0.42879,3.3763,3.4305,10.911,27.93,0.3913,0.079844,0.52886,film
5,0.5,15,50,3.2,905.85,4.5635,0.46877,3.6662,3.4305,2.3682,12.932,0.36236,0.14788,0.48975,film
5,0.5,15,50,1.5,905.85,9.7354,0.46877,3.6662,3.4305,5.0522,12.932,0.36236,0.14788,0.48975,film
5,0.5,15,100,3.2,905.85,9.1269,0.46877,3.6662,3.4305,4.7364,25.864,0.36236,0.14788,0.48975,film
5,0.5,15,100,1.5,905.85,19.471,0.46877,3.6662,3.4305,10.104,25.864,0.36236,0.14788,0.48975,film
5,1,30,50,3.2,988.65,5.5672,0.4058,3.2064,3.4305,2.6758,14.612,0.40943,0.083545,0.50702,film
5,1,30,50,1.5,988.65,11.877,0.4058,3.2064,3.4305,5.7084,14.612,0.40943,0.083545,0.50702,film
5,1,30,100,3.2,988.65,11.134,0.4058,3.2064,3.4305,5.3516,29.224,0.40943,0.083545,0.50702,film
5,1,30,100,1.5,988.65,23.753,0.4058,3.2064,3.4305,11.417,29.224,0.40943,0.083545,0.50702,film
5,1,15,50,3.2,988.65,4.8772,0.44678,3.5083,3.4305,2.4695,13.485,0.37786,0.15421,0.46793,film
5,1,15,50,1.5,988.65,10.405,0.44678,3.5083,3.4305,5.2683,13.485,0.37786,0.15421,0.46793,film
5,1,15,100,3.2,988.65,9.7544,0.44678,3.5083,3.4305,4.939,26.971,0.37786,0.15421,0.46793,film
5,1,15,100,1.5,988.65,20.809,0.44678,3.5083,3.4305,10.537,26.971,0.37786,0.15421,0.46793,film
5,2,30,50,3.2,5776.1,19.303,0.14393,1.2144,3.4305,4.6154,25.204,0.70621,0.1441,0.14969,fuel
5,2,30,50,1.5,5776.1,41.179,0.14393,1.2144,3.4305,9.8462,25.204,0.70621,0.1441,0.14969,fuel
5,2,30,100,3.2,5776.1,38.605,0.14393,1.2144,3.4305,9.2308,50.407,0.70621,0.1441,0.14969,fuel
5,2,30,100,1.5,5776.1,82.358,0.14393,1.2144,3.4305,19.692,50.407,0.70621,0.1441,0.14969,fuel
5,2,15,50,3.2,5776.1,12.951,0.2049,1.6962,3.4305,4.0341,22.029,0.61726,0.2519,0.13084,fuel
5,2,15,50,1.5,5776.1,27.628,0.2049,1.6962,3.4305,8.606,22.029,0.61726,0.2519,0.13084,fuel
5,2,15,100,3.2,5776.1,25.901,0.2049,1.6962,3.4305,8.0681,44.058,0.61726,0.2519,0.13084,fuel
5,2,15,100,1.5,5776.1,55.256,0.2049,1.6962,3.4305,17.212,44.058,0.61726,0.2519,0.13084,fuel
10,0.5,30,50,3.2,494.32,2.2466,0.68466,5.3283,4.574,1.2211,6.6681,0.33216,0.050833,0.617,film
10,0.5,30,50,1.5,494.32,4.7927,0.68466,5.3283,4.574,2.605,6.6681,0.33216,0.050833,0.617,film
10,0.5,30,100,3.2,494.32,4.4932,0.68466,5.3283,4.574,2.4422,13.336,0.33216,0.050833,0.617,film
10,0.5,30,100,1.5,494.32,9.5855,0.68466,5.3283,4.574,5.21,13.336,0.33216,0.050833,0.617,film
10,0.5,15,50,3.2,494.32,2.0877,0.71865,5.5802,4.574,1.162,6.3455,0.31609,0.096749,0.58716,film
10,0.5,15,50,1.5,494.32,4.4537,0.71865,5.5802,4.574,2.479,6.3455,0.31609,0.096749,0.58716,film
10,0.5,15,100,3.2,494.32,4.1754,0.71865,5.5802,4.574,2.324,12.691,0.31609,0.096749,0.58716,film
10,0.5,15,100,1.5,494.32,8.9074,0.71865,5.5802,4.574,4.958,12.691,0.31609,0.096749,0.58716,film
10,1,30,50,3.2,2888,9.5905,0.2149,1.7991,4.574,2.4991,13.647,0.67982,0.10404,0.21614,fuel
10,1,30,50,1.5,2888,20.46,0.2149,1.7991,4.574,5.3315,13.647,0.67982,0.10404,0.21614,fuel
10,1,30,100,3.2,2888,19.181,0.2149,1.7991,4.574,4.9983,27.294,0.67982,0.10404,0.21614,fuel
10,1,30,100,1.5,2888,40.92,0.2149,1.7991,4.574,10.663,27.294,0.67982,0.10404,0.21614,fuel
10,1,15,50,3.2,2888,7.2385,0.27487,2.2729,4.574,2.2636,12.361,0.61576,0.18847,0.19577,fuel
10,1,15,50,1.5,2888,15.442,0.27487,2.2729,4.574,4.8291,12.361,0.61576,0.18847,0.19577,fuel
10,1,15,100,3.2,2888,14.477,0.27487,2.2729,4.574,4.5273,24.722,0.61576,0.18847,0.19577,fuel
10,1,15,100,1.5,2888,30.884,0.27487,2.2729,4.574,9.6582,24.722,0.61576,0.18847,0.19577,fuel
10,2,30,50,3.2,5823.8,14.538,0.14693,1.2544,4.574,2.8047,15.316,0.76295,0.11676,0.12029,fuel
10,2,30,50,1.5,5823.8,31.014,0.14693,1.2544,4.574,5.9834,15.316,0.76295,0.11676,0.12029,fuel
10,2,30,100,3.2,5823.8,29.075,0.14693,1.2544,4.574,5.6095,30.632,0.76295,0.11676,0.12029,fuel
10,2,30,100,1.5,5823.8,62.028,0.14693,1.2544,4.574,11.967,30.632,0.76295,0.11676,0.12029,fuel
10,2,15,50,3.2,5823.8,9.7402,0.2119,1.7761,4.574,2.5115,13.715,0.68318,0.2091,0.10772,fuel
10,2,15,50,1.5,5823.8,20.779,0.2119,1.7761,4.574,5.3579,13.715,0.68318,0.2091,0.10772,fuel
10,2,15,100,3.2,5823.8,19.48,0.2119,1.7761,4.574,5.023,27.429,0.68318,0.2091,0.10772,fuel
10,2,15,100,1.5,5823.8,41.558,0.2119,1.7761,4.574,10.716,27.429,0.68318,0.2091,0.10772,fuel
