z_m,T_fuel_max_C,T_fuel_centre_C,T_wall_left_C,T_wall_right_C,T_coolant_C,Uz_centre_mm_s
0.001,604.1,604.1,600.36,600.35,600,0.2203
0.003,604.29,604.29,600.39,600.39,600,0.66945
0.005,604.59,604.59,600.43,600.43,600,0.82659
0.007,604.93,604.93,600.46,600.46,600,0.91681
0.009,605.27,605.27,600.49,600.48,600,0.99603
0.011,605.6,605.6,600.51,600.51,600,1.0825
0.013,605.91,605.91,600.53,600.52,600,1.1673
0.015,606.18,606.18,600.55,600.54,600,1.2478
0.017,606.44,606.43,600.56,600.56,600,1.3183
0.019,606.67,606.66,600.58,600.57,600,1.3828
0.021,606.9,606.89,600.6,600.59,600,1.4436
0.023,607.12,607.12,600.61,600.6,600,1.5049
0.025,607.33,607.33,600.62,600.62,600,1.563
0.027,607.53,607.52,600.63,600.63,600,1.6171
0.029,607.71,607.71,600.64,600.65,600,1.6668
0.031,607.9,607.9,600.66,600.66,600,1.7162
0.033,608.09,608.09,600.67,600.68,600,1.7663
0.035,608.27,608.27,600.68,600.69,600,1.8158
0.037,608.44,608.44,600.69,600.7,600,1.862
0.039,608.6,608.6,600.7,600.72,600,1.9058
0.041,608.77,608.77,600.71,600.73,600,1.9494
0.043,608.94,608.94,600.72,600.74,600,1.9946
0.045,609.1,609.1,600.73,600.76,600,2.0392
0.047,609.26,609.26,600.74,600.77,600,2.0815
0.049,609.41,609.41,600.75,600.78,600,2.1215
0.051,609.56,609.56,600.76,600.79,600,2.1616
0.053,609.72,609.72,600.78,600.8,600,2.203
0.055,609.87,609.87,600.79,600.81,600,2.244
0.057,610.01,610.01,600.8,600.82,600,2.2828
0.059,610.15,610.15,600.81,600.82,600,2.3196
0.061,610.3,610.3,600.83,600.83,600,2.3565
0.063,610.44,610.44,600.84,600.84,600,2.3946
0.065,610.59,610.59,600.85,600.85,600,2.4324
0.067,610.73,610.73,600.87,600.86,600,2.4685
0.069,610.86,610.86,600.88,600.86,600,2.5028
0.071,611,611,600.89,600.87,600,2.5373
0.073,611.14,611.14,600.9,600.88,600,2.5731
0.075,611.27,611.27,600.92,600.89,600,2.6088
0.077,611.41,611.41,600.93,600.89,600,2.643
0.079,611.54,611.53,600.94,600.9,600,2.6757
0.081,611.68,611.67,600.95,600.91,600,2.7084
0.083,611.81,611.8,600.96,600.92,600,2.7424
0.085,611.95,611.93,600.97,600.93,600,2.7764
0.087,612.08,612.06,600.98,600.94,600,2.8088
0.089,612.21,612.18,600.99,600.95,600,2.8398
0.091,612.34,612.31,601,600.96,600,2.871
0.093,612.47,612.44,601.01,600.97,600,2.9032
0.095,612.6,612.57,601.02,600.98,600,2.9355
0.097,612.73,612.69,601.03,600.99,600,2.9665
0.099,612.85,612.81,601.03,601,600,2.9963
0.101,612.98,612.94,601.04,601.01,600,3.0263
0.103,613.1,613.07,601.05,601.03,600,3.0577
0.105,613.23,613.2,601.06,601.04,600,3.0893
0.107,613.35,613.32,601.06,601.05,600,3.12
0.109,613.47,613.44,601.07,601.06,600,3.1498
0.111,613.6,613.57,601.08,601.07,600,3.1801
0.113,613.73,613.7,601.09,601.08,600,3.2118
0.115,613.85,613.83,601.09,601.09,600,3.244
0.117,613.97,613.95,601.1,601.11,600,3.2754
0.119,614.09,614.07,601.11,601.12,600,3.3061
0.121,614.21,614.2,601.12,601.13,600,3.3373
0.123,614.34,614.33,601.13,601.14,600,3.3699
0.125,614.46,614.45,601.13,601.15,600,3.4028
0.127,614.58,614.57,601.14,601.16,600,3.435
0.129,614.7,614.69,601.15,601.17,600,3.4664
0.131,614.82,614.82,601.16,601.18,600,3.4981
0.133,614.94,614.94,601.17,601.19,600,3.531
0.135,615.06,615.06,601.18,601.2,600,3.564
0.137,615.19,615.19,601.19,601.2,600,3.5963
0.139,615.3,615.3,601.19,601.21,600,3.6276
0.141,615.43,615.43,601.2,601.22,600,3.6591
0.143,615.55,615.55,601.21,601.23,600,3.6916
0.145,615.67,615.67,601.22,601.24,600,3.7242
0.147,615.79,615.79,601.23,601.25,600,3.7559
0.149,615.9,615.9,601.24,601.26,600,3.7867
0.151,616.02,616.02,601.25,601.27,600,3.8177
0.153,616.14,616.14,601.25,601.28,600,3.8495
0.155,616.26,616.26,601.26,601.29,600,3.8815
0.157,616.38,616.38,601.27,601.3,600,3.9126
0.159,616.49,616.49,601.27,601.32,600,3.943
0.161,616.61,616.61,601.28,601.33,600,3.9736
0.163,616.73,616.73,601.29,601.34,600,4.005
0.165,616.85,616.85,601.29,601.35,600,4.0367
0.167,616.96,616.96,601.3,601.36,600,4.0678
0.169,617.08,617.08,601.3,601.37,600,4.0982
0.171,617.2,617.2,601.31,601.39,600,4.1289
0.173,617.31,617.31,601.32,601.4,600,4.1605
0.175,617.43,617.43,601.32,601.41,600,4.1925
0.177,617.54,617.54,601.33,601.42,600,4.224
0.179,617.66,617.66,601.33,601.43,600,4.2548
0.181,617.77,617.77,601.34,601.44,600,4.2859
0.183,617.89,617.89,601.35,601.45,600,4.3179
0.185,618,618,601.35,601.46,600,4.3502
0.187,618.12,618.12,601.36,601.47,600,4.3819
0.189,618.23,618.23,601.37,601.48,600,4.4128
0.191,618.35,618.34,601.38,601.49,600,4.4438
0.193,618.46,618.46,601.39,601.5,600,4.4755
0.195,618.58,618.57,601.4,601.51,600,4.5071
0.197,618.69,618.68,601.41,601.52,600,4.538
0.199,618.81,618.79,601.42,601.52,600,4.5679
0.201,618.92,618.9,601.44,601.53,600,4.5977
0.203,619.03,619.01,601.45,601.54,600,4.6278
0.205,619.15,619.12,601.46,601.54,600,4.6578
0.207,619.26,619.24,601.48,601.55,600,4.6868
0.209,619.37,619.34,601.49,601.55,600,4.7149
0.211,619.48,619.46,601.51,601.56,600,4.7427
0.213,619.59,619.57,601.52,601.56,600,4.7709
0.215,619.7,619.68,601.54,601.56,600,4.7989
0.217,619.81,619.79,601.56,601.56,600,4.8262
0.219,619.92,619.9,601.57,601.57,600,4.8527
0.221,620.03,620.02,601.59,601.57,600,4.8791
0.223,620.14,620.13,601.61,601.57,600,4.906
0.225,620.25,620.24,601.62,601.57,600,4.9331
0.227,620.36,620.36,601.64,601.57,600,4.9597
0.229,620.47,620.47,601.66,601.57,600,4.9857
0.231,620.58,620.58,601.68,601.57,600,5.012
0.233,620.69,620.69,601.69,601.56,600,5.039
0.235,620.81,620.81,601.71,601.56,600,5.0665
0.237,620.92,620.92,601.73,601.56,600,5.0937
0.239,621.03,621.03,601.74,601.56,600,5.1206
0.241,621.14,621.14,601.76,601.55,600,5.1479
0.243,621.26,621.25,601.78,601.55,600,5.176
0.245,621.37,621.36,601.79,601.55,600,5.2046
0.247,621.49,621.46,601.81,601.55,600,5.2329
0.249,621.6,621.57,601.82,601.54,600,5.2609
0.251,621.72,621.67,601.84,601.54,600,5.289
0.253,621.84,621.77,601.85,601.54,600,5.3177
0.255,621.96,621.87,601.87,601.54,600,5.3464
0.257,622.08,621.96,601.88,601.54,600,5.3744
0.259,622.19,622.05,601.9,601.55,600,5.4015
0.261,622.31,622.14,601.91,601.55,600,5.428
0.263,622.44,622.23,601.92,601.56,600,5.4543
0.265,622.56,622.32,601.93,601.57,600,5.4798
0.267,622.67,622.4,601.94,601.58,600,5.5039
0.269,622.79,622.48,601.95,601.59,600,5.5261
0.271,622.9,622.56,601.96,601.6,600,5.5471
0.273,623.01,622.64,601.96,601.62,600,5.5671
0.275,623.13,622.72,601.97,601.63,600,5.5857
0.277,623.24,622.79,601.98,601.65,600,5.6025
0.279,623.35,622.87,601.98,601.67,600,5.6172
0.281,623.46,622.95,601.99,601.69,600,5.6306
0.283,623.56,623.03,601.99,601.7,600,5.6431
0.285,623.67,623.11,601.99,601.72,600,5.6545
0.287,623.77,623.2,601.99,601.74,600,5.6647
0.289,623.87,623.28,601.99,601.77,600,5.6734
0.291,623.97,623.38,601.99,601.79,600,5.6817
0.293,624.06,623.47,601.99,601.81,600,5.69
0.295,624.16,623.57,601.99,601.83,600,5.6983
0.297,624.25,623.67,601.99,601.85,600,5.7064
0.299,624.34,623.77,601.98,601.87,600,5.7144
0.301,624.43,623.88,601.98,601.89,600,5.7229
0.303,624.52,624,601.98,601.92,600,5.7327
0.305,624.61,624.11,601.97,601.94,600,5.7436
0.307,624.7,624.23,601.97,601.96,600,5.7553
0.309,624.78,624.35,601.96,601.98,600,5.7679
0.311,624.88,624.48,601.96,602,600,5.782
0.313,624.97,624.6,601.95,602.02,600,5.7982
0.315,625.07,624.73,601.94,602.04,600,5.8162
0.317,625.16,624.87,601.94,602.06,600,5.8356
0.319,625.25,625,601.93,602.08,600,5.8565
0.321,625.34,625.13,601.92,602.1,600,5.8794
0.323,625.44,625.26,601.91,602.12,600,5.9046
0.325,625.54,625.4,601.9,602.14,600,5.9318
0.327,625.65,625.53,601.89,602.16,600,5.9607
0.329,625.74,625.66,601.88,602.18,600,5.9911
0.331,625.84,625.79,601.87,602.2,600,6.0234
0.333,625.96,625.92,601.86,602.22,600,6.0579
0.335,626.07,626.05,601.85,602.24,600,6.0943
0.337,626.18,626.17,601.84,602.26,600,6.1322
0.339,626.3,626.3,601.83,602.28,600,6.1712
0.341,626.42,626.42,601.82,602.3,600,6.2119
0.343,626.53,626.53,601.81,602.32,600,6.2544
0.345,626.66,626.65,601.8,602.34,600,6.2983
0.347,626.79,626.76,601.79,602.36,600,6.3432
0.349,626.91,626.86,601.78,602.37,600,6.3887
0.351,627.04,626.97,601.77,602.39,600,6.4351
0.353,627.17,627.06,601.76,602.41,600,6.4825
0.355,627.3,627.16,601.76,602.42,600,6.5305
0.357,627.43,627.24,601.76,602.44,600,6.5783
0.359,627.56,627.33,601.76,602.45,600,6.6256
0.361,627.69,627.4,601.76,602.47,600,6.6724
0.363,627.81,627.48,601.77,602.48,600,6.7187
0.365,627.93,627.55,601.78,602.49,600,6.764
0.367,628.06,627.61,601.79,602.5,600,6.8075
0.369,628.17,627.67,601.8,602.51,600,6.8489
0.371,628.29,627.72,601.82,602.52,600,6.8882
0.373,628.4,627.77,601.84,602.52,600,6.9255
0.375,628.51,627.82,601.86,602.53,600,6.9603
0.377,628.61,627.87,601.88,602.53,600,6.9922
0.379,628.71,627.91,601.9,602.54,600,7.021
0.381,628.81,627.96,601.92,602.54,600,7.0468
0.383,628.9,628,601.95,602.54,600,7.0701
0.385,628.99,628.04,601.97,602.54,600,7.0907
0.387,629.07,628.09,601.99,602.54,600,7.1083
0.389,629.15,628.14,602.02,602.54,600,7.1231
0.391,629.23,628.19,602.04,602.54,600,7.1355
0.393,629.31,628.24,602.07,602.54,600,7.146
0.395,629.39,628.3,602.09,602.53,600,7.1548
0.397,629.46,628.36,602.12,602.53,600,7.1619
0.399,629.53,628.43,602.14,602.52,600,7.1673
0.401,629.6,628.5,602.17,602.52,600,7.1717
0.403,629.67,628.58,602.19,602.51,600,7.1757
0.405,629.74,628.66,602.22,602.5,600,7.1794
0.407,629.81,628.75,602.24,602.49,600,7.1827
0.409,629.87,628.84,602.27,602.49,600,7.1859
0.411,629.94,628.94,602.29,602.48,600,7.1895
0.413,630,629.05,602.32,602.47,600,7.194
0.415,630.07,629.15,602.34,602.46,600,7.1994
0.417,630.13,629.27,602.36,602.45,600,7.2057
0.419,630.19,629.38,602.39,602.44,600,7.2129
0.421,630.24,629.5,602.41,602.43,600,7.2214
0.423,630.3,629.62,602.43,602.41,600,7.2316
0.425,630.37,629.75,602.45,602.4,600,7.2436
0.427,630.44,629.87,602.48,602.39,600,7.2569
0.429,630.51,630,602.5,602.38,600,7.2717
0.431,630.58,630.13,602.52,602.36,600,7.2883
0.433,630.65,630.26,602.54,602.35,600,7.3068
0.435,630.72,630.39,602.57,602.33,600,7.3272
0.437,630.79,630.52,602.59,602.32,600,7.3491
0.439,630.88,630.65,602.61,602.31,600,7.3725
0.441,630.96,630.78,602.63,602.29,600,7.3976
0.443,631.04,630.91,602.65,602.28,600,7.4245
0.445,631.12,631.03,602.67,602.26,600,7.453
0.447,631.22,631.16,602.7,602.24,600,7.4828
0.449,631.31,631.27,602.72,602.23,600,7.5138
0.451,631.41,631.39,602.74,602.21,600,7.546
0.453,631.51,631.51,602.76,602.19,600,7.5797
0.455,631.62,631.62,602.78,602.17,600,7.6147
0.457,631.72,631.72,602.8,602.16,600,7.6505
0.459,631.84,631.83,602.82,602.14,600,7.687
0.461,631.96,631.92,602.85,602.12,600,7.7242
0.463,632.08,632.02,602.87,602.1,600,7.7624
0.465,632.21,632.1,602.89,602.08,600,7.8012
0.467,632.35,632.18,602.91,602.06,600,7.8403
0.469,632.48,632.26,602.93,602.04,600,7.8794
0.471,632.62,632.33,602.94,602.03,600,7.9186
0.473,632.76,632.39,602.96,602.01,600,7.9578
0.475,632.9,632.45,602.98,602,600,7.9967
0.477,633.03,632.49,603,601.99,600,8.0348
0.479,633.17,632.53,603.01,601.98,600,8.0716
0.481,633.3,632.57,603.03,601.97,600,8.1072
0.483,633.43,632.59,603.04,601.97,600,8.1412
0.485,633.55,632.61,603.05,601.97,600,8.1733
0.487,633.67,632.62,603.07,601.98,600,8.2028
0.489,633.78,632.62,603.08,601.99,600,8.2292
0.491,633.9,632.61,603.08,602,600,8.2525
0.493,634.01,632.6,603.09,602.02,600,8.2724
0.495,634.12,632.59,603.1,602.03,600,8.2888
0.497,634.22,632.57,603.1,602.05,600,8.3009
0.499,634.32,632.54,603.11,602.07,600,8.3089
0.501,634.41,632.51,603.11,602.1,600,8.3125
0.503,634.5,632.48,603.11,602.12,600,8.3122
0.505,634.59,632.45,603.11,602.15,600,8.3077
0.507,634.67,632.42,603.11,602.17,600,8.2993
0.509,634.74,632.4,603.11,602.2,600,8.2867
0.511,634.81,632.37,603.11,602.23,600,8.2707
0.513,634.88,632.35,603.1,602.25,600,8.2515
0.515,634.95,632.34,603.1,602.28,600,8.2297
0.517,635.01,632.34,603.09,602.31,600,8.2052
0.519,635.06,632.34,603.09,602.34,600,8.1786
0.521,635.12,632.35,603.08,602.37,600,8.1504
0.523,635.17,632.37,603.07,602.39,600,8.1213
0.525,635.22,632.4,603.06,602.42,600,8.0915
0.527,635.26,632.44,603.05,602.45,600,8.0615
0.529,635.31,632.48,603.04,602.47,600,8.0314
0.531,635.35,632.54,603.03,602.5,600,8.0021
0.533,635.39,632.61,603.02,602.53,600,7.9739
0.535,635.43,632.69,603,602.55,600,7.9471
0.537,635.46,632.77,602.99,602.58,600,7.9219
0.539,635.5,632.87,602.98,602.6,600,7.8987
0.541,635.53,632.97,602.96,602.63,600,7.8776
0.543,635.56,633.08,602.95,602.65,600,7.8593
0.545,635.59,633.2,602.93,602.68,600,7.8438
0.547,635.62,633.33,602.91,602.7,600,7.8312
0.549,635.64,633.46,602.9,602.73,600,7.8214
0.551,635.67,633.59,602.88,602.75,600,7.815
0.553,635.71,633.73,602.86,602.77,600,7.8121
0.555,635.75,633.88,602.84,602.8,600,7.8126
0.557,635.79,634.03,602.82,602.82,600,7.8166
0.559,635.83,634.17,602.81,602.84,600,7.824
0.561,635.87,634.33,602.79,602.87,600,7.8349
0.563,635.91,634.48,602.77,602.89,600,7.8496
0.565,635.94,634.64,602.75,602.91,600,7.8679
0.567,635.97,634.79,602.72,602.93,600,7.8895
0.569,636.02,634.95,602.7,602.96,600,7.9145
0.571,636.08,635.1,602.68,602.98,600,7.9429
0.573,636.13,635.26,602.66,603,600,7.9748
0.575,636.18,635.41,602.64,603.02,600,8.01
0.577,636.23,635.57,602.61,603.04,600,8.0483
0.579,636.28,635.72,602.59,603.06,600,8.0896
0.581,636.35,635.86,602.57,603.09,600,8.134
0.583,636.42,636.01,602.54,603.11,600,8.1814
0.585,636.49,636.15,602.52,603.13,600,8.2317
0.587,636.54,636.29,602.49,603.15,600,8.2846
0.589,636.63,636.43,602.47,603.17,600,8.34
0.591,636.71,636.56,602.44,603.19,600,8.398
0.593,636.78,636.69,602.42,603.21,600,8.4584
0.595,636.87,636.82,602.39,603.23,600,8.5212
0.597,636.96,636.93,602.37,603.25,600,8.5859
0.599,637.05,637.05,602.35,603.27,600,8.6525
0.601,637.16,637.16,602.32,603.28,600,8.7209
0.603,637.26,637.26,602.3,603.3,600,8.7909
0.605,637.37,637.36,602.28,603.32,600,8.8623
0.607,637.49,637.45,602.26,603.33,600,8.9346
0.609,637.61,637.53,602.25,603.35,600,9.0077
0.611,637.73,637.61,602.24,603.36,600,9.0811
0.613,637.86,637.68,602.22,603.38,600,9.1549
0.615,637.98,637.74,602.22,603.39,600,9.2284
0.617,638.1,637.8,602.21,603.4,600,9.3014
0.619,638.22,637.84,602.21,603.41,600,9.3732
0.621,638.34,637.88,602.21,603.42,600,9.4438
0.623,638.46,637.92,602.22,603.43,600,9.5126
0.625,638.57,637.94,602.22,603.44,600,9.5795
0.627,638.67,637.96,602.23,603.44,600,9.6438
0.629,638.77,637.97,602.24,603.45,600,9.7052
0.631,638.87,637.98,602.26,603.45,600,9.7635
0.633,638.95,637.97,602.27,603.45,600,9.8186
0.635,639.04,637.97,602.29,603.45,600,9.87
0.637,639.13,637.95,602.31,603.45,600,9.9177
0.639,639.22,637.94,602.33,603.45,600,9.9613
0.641,639.29,637.92,602.35,603.45,600,10.001
0.643,639.37,637.9,602.37,603.45,600,10.037
0.645,639.44,637.87,602.39,603.45,600,10.068
0.647,639.5,637.85,602.41,603.44,600,10.096
0.649,639.56,637.82,602.44,603.44,600,10.12
0.651,639.62,637.8,602.46,603.43,600,10.14
0.653,639.67,637.77,602.48,603.42,600,10.156
0.655,639.72,637.75,602.51,603.41,600,10.17
0.657,639.77,637.74,602.53,603.4,600,10.18
0.659,639.81,637.73,602.55,603.39,600,10.188
0.661,639.85,637.72,602.58,603.38,600,10.193
0.663,639.88,637.72,602.6,603.37,600,10.196
0.665,639.92,637.72,602.62,603.36,600,10.198
0.667,639.95,637.73,602.65,603.34,600,10.198
0.669,639.98,637.75,602.67,603.33,600,10.197
0.671,640,637.77,602.69,603.31,600,10.195
0.673,640.02,637.8,602.72,603.3,600,10.193
0.675,640.05,637.84,602.74,603.28,600,10.191
0.677,640.06,637.88,602.76,603.27,600,10.189
0.679,640.08,637.93,602.78,603.25,600,10.187
0.681,640.09,637.99,602.8,603.23,600,10.186
0.683,640.1,638.05,602.83,603.21,600,10.186
0.685,640.11,638.12,602.85,603.19,600,10.187
0.687,640.12,638.2,602.87,603.17,600,10.19
0.689,640.15,638.28,602.89,603.15,600,10.194
0.691,640.17,638.36,602.91,603.13,600,10.199
0.693,640.19,638.45,602.93,603.11,600,10.207
0.695,640.21,638.55,602.95,603.09,600,10.216
0.697,640.23,638.65,602.97,603.07,600,10.228
0.699,640.25,638.75,602.99,603.05,600,10.241
0.701,640.26,638.85,603.01,603.03,600,10.256
0.703,640.27,638.96,603.03,603.01,600,10.274
0.705,640.28,639.07,603.04,602.98,600,10.294
0.707,640.29,639.18,603.06,602.96,600,10.316
0.709,640.32,639.29,603.08,602.94,600,10.34
0.711,640.35,639.4,603.1,602.92,600,10.367
0.713,640.38,639.51,603.12,602.89,600,10.395
0.715,640.41,639.62,603.13,602.87,600,10.425
0.717,640.44,639.73,603.15,602.85,600,10.457
0.719,640.46,639.84,603.17,602.83,600,10.491
0.721,640.47,639.95,603.18,602.81,600,10.527
0.723,640.51,640.05,603.2,602.79,600,10.564
0.725,640.56,640.16,603.21,602.77,600,10.603
0.727,640.6,640.26,603.23,602.75,600,10.643
0.729,640.64,640.36,603.24,602.73,600,10.685
0.731,640.67,640.45,603.26,602.71,600,10.727
0.733,640.7,640.55,603.27,602.69,600,10.771
0.735,640.76,640.64,603.28,602.67,600,10.815
0.737,640.81,640.72,603.3,602.66,600,10.86
0.739,640.86,640.8,603.31,602.64,600,10.905
0.741,640.91,640.88,603.32,602.63,600,10.95
0.743,640.95,640.95,603.33,602.61,600,10.995
0.745,641.02,641.02,603.34,602.6,600,11.041
0.747,641.08,641.08,603.35,602.59,600,11.086
0.749,641.14,641.14,603.36,602.58,600,11.13
0.751,641.19,641.19,603.37,602.57,600,11.174
0.753,641.26,641.24,603.38,602.57,600,11.217
0.755,641.34,641.28,603.38,602.56,600,11.258
0.757,641.4,641.32,603.39,602.56,600,11.299
0.759,641.47,641.36,603.4,602.55,600,11.338
0.761,641.54,641.38,603.4,602.55,600,11.376
0.763,641.62,641.41,603.41,602.55,600,11.412
0.765,641.69,641.43,603.41,602.55,600,11.446
0.767,641.76,641.44,603.42,602.55,600,11.479
0.769,641.83,641.46,603.42,602.56,600,11.509
0.771,641.91,641.46,603.42,602.56,600,11.538
0.773,641.98,641.47,603.42,602.57,600,11.564
0.775,642.06,641.47,603.42,602.57,600,11.589
0.777,642.12,641.47,603.42,602.58,600,11.611
0.779,642.19,641.46,603.42,602.59,600,11.631
0.781,642.25,641.46,603.42,602.6,600,11.649
0.783,642.31,641.45,603.42,602.6,600,11.665
0.785,642.38,641.44,603.42,602.61,600,11.679
0.787,642.44,641.44,603.41,602.63,600,11.691
0.789,642.5,641.43,603.41,602.64,600,11.701
0.791,642.56,641.42,603.4,602.65,600,11.71
0.793,642.62,641.41,603.4,602.66,600,11.717
0.795,642.67,641.4,603.39,602.67,600,11.722
0.797,642.72,641.4,603.39,602.68,600,11.726
0.799,642.76,641.4,603.38,602.7,600,11.729
0.801,642.81,641.39,603.37,602.71,600,11.731
0.803,642.85,641.39,603.37,602.72,600,11.732
0.805,642.89,641.4,603.36,602.74,600,11.733
0.807,642.93,641.4,603.35,602.75,600,11.732
0.809,642.97,641.41,603.34,602.76,600,11.732
0.811,643,641.42,603.33,602.78,600,11.731
0.813,643.03,641.44,603.32,602.79,600,11.73
0.815,643.07,641.46,603.31,602.8,600,11.729
0.817,643.1,641.48,603.3,602.82,600,11.728
0.819,643.13,641.51,603.29,602.83,600,11.728
0.821,643.15,641.53,603.28,602.85,600,11.728
0.823,643.18,641.57,603.26,602.86,600,11.728
0.825,643.21,641.6,603.25,602.87,600,11.729
0.827,643.23,641.64,603.24,602.89,600,11.731
0.829,643.26,641.68,603.23,602.9,600,11.734
0.831,643.28,641.73,603.22,602.91,600,11.738
0.833,643.3,641.78,603.2,602.93,600,11.743
0.835,643.32,641.83,603.19,602.94,600,11.749
0.837,643.34,641.88,603.18,602.95,600,11.756
0.839,643.36,641.94,603.16,602.96,600,11.765
0.841,643.37,642,603.15,602.98,600,11.774
0.843,643.39,642.06,603.14,602.99,600,11.785
0.845,643.4,642.12,603.13,603,600,11.798
0.847,643.42,642.18,603.11,603.01,600,11.811
0.849,643.43,642.25,603.1,603.02,600,11.826
0.851,643.45,642.32,603.09,603.04,600,11.843
0.853,643.47,642.39,603.07,603.05,600,11.86
0.855,643.5,642.45,603.06,603.06,600,11.879
0.857,643.52,642.53,603.05,603.07,600,11.9
0.859,643.54,642.6,603.04,603.08,600,11.921
0.861,643.57,642.67,603.03,603.09,600,11.944
0.863,643.59,642.74,603.01,603.1,600,11.968
0.865,643.61,642.81,603,603.11,600,11.994
0.867,643.62,642.88,602.99,603.12,600,12.02
0.869,643.64,642.95,602.98,603.13,600,12.047
0.871,643.66,643.03,602.97,603.14,600,12.076
0.873,643.67,643.1,602.96,603.14,600,12.105
0.875,643.69,643.17,602.95,603.15,600,12.135
0.877,643.73,643.24,602.94,603.16,600,12.166
0.879,643.76,643.3,602.93,603.17,600,12.198
0.881,643.79,643.37,602.92,603.18,600,12.23
0.883,643.81,643.44,602.92,603.18,600,12.263
0.885,643.84,643.5,602.91,603.19,600,12.297
0.887,643.86,643.56,602.9,603.2,600,12.331
0.889,643.89,643.63,602.89,603.2,600,12.365
0.891,643.91,643.69,602.89,603.21,600,12.4
0.893,643.93,643.74,602.88,603.21,600,12.435
0.895,643.96,643.8,602.88,603.22,600,12.47
0.897,644,643.86,602.87,603.22,600,12.505
0.899,644.04,643.91,602.87,603.23,600,12.54
0.901,644.07,643.96,602.86,603.23,600,12.576
0.903,644.1,644.01,602.86,603.24,600,12.611
0.905,644.13,644.06,602.85,603.24,600,12.646
0.907,644.16,644.11,602.85,603.24,600,12.68
0.909,644.19,644.16,602.85,603.25,600,12.715
0.911,644.21,644.2,602.85,603.25,600,12.749
0.913,644.24,644.24,602.84,603.25,600,12.783
0.915,644.28,644.28,602.84,603.25,600,12.817
0.917,644.32,644.32,602.84,603.25,600,12.85
0.919,644.36,644.36,602.84,603.25,600,12.882
0.921,644.39,644.39,602.84,603.26,600,12.914
0.923,644.43,644.43,602.84,603.26,600,12.946
0.925,644.46,644.46,602.84,603.26,600,12.977
0.927,644.49,644.49,602.84,603.26,600,13.007
0.929,644.52,644.52,602.84,603.26,600,13.037
0.931,644.55,644.55,602.85,603.25,600,13.066
0.933,644.58,644.58,602.85,603.25,600,13.095
0.935,644.6,644.6,602.85,603.25,600,13.122
0.937,644.63,644.63,602.85,603.25,600,13.15
0.939,644.67,644.65,602.85,603.25,600,13.176
0.941,644.7,644.68,602.86,603.25,600,13.202
0.943,644.74,644.7,602.86,603.24,600,13.227
0.945,644.77,644.72,602.86,603.24,600,13.252
0.947,644.8,644.74,602.87,603.24,600,13.276
0.949,644.83,644.76,602.87,603.23,600,13.299
0.951,644.86,644.78,602.87,603.23,600,13.322
0.953,644.89,644.8,602.88,603.23,600,13.344
0.955,644.91,644.82,602.88,603.22,600,13.365
0.957,644.94,644.84,602.89,603.22,600,13.386
0.959,644.96,644.86,602.89,603.21,600,13.407
0.961,644.99,644.88,602.9,603.21,600,13.427
0.963,645.01,644.9,602.9,603.2,600,13.446
0.965,645.03,644.91,602.9,603.2,600,13.465
0.967,645.05,644.93,602.91,603.19,600,13.484
0.969,645.08,644.95,602.91,603.19,600,13.502
0.971,645.1,644.97,602.92,603.18,600,13.519
0.973,645.12,644.99,602.92,603.18,600,13.537
0.975,645.14,645,602.93,603.17,600,13.553
0.977,645.16,645.02,602.93,603.16,600,13.57
0.979,645.17,645.04,602.94,603.16,600,13.586
0.981,645.19,645.06,602.94,603.15,600,13.602
0.983,645.21,645.07,602.95,603.14,600,13.618
0.985,645.23,645.09,602.95,603.14,600,13.633
0.987,645.24,645.11,602.96,603.13,600,13.648
0.989,645.26,645.13,602.96,603.12,600,13.663
0.991,645.28,645.15,602.97,603.12,600,13.678
0.993,645.29,645.16,602.97,603.11,600,13.692
0.995,645.31,645.18,602.98,603.1,600,13.706
0.997,645.32,645.2,602.98,603.1,600,13.72
0.999,645.33,645.22,602.99,603.09,600,13.734
1.001,645.35,645.24,602.99,603.08,600,13.748
1.003,645.36,645.25,603,603.08,600,13.761
1.005,645.37,645.27,603,603.07,600,13.775
1.007,645.39,645.29,603.01,603.06,600,13.788
1.009,645.4,645.31,603.01,603.06,600,13.801
1.011,645.41,645.32,603.02,603.05,600,13.814
1.013,645.42,645.34,603.02,603.04,600,13.827
1.015,645.43,645.36,603.02,603.04,600,13.84
1.017,645.44,645.37,603.03,603.03,600,13.853
1.019,645.45,645.39,603.03,603.02,600,13.865
1.021,645.46,645.41,603.03,603.02,600,13.878
1.023,645.46,645.42,603.04,603.01,600,13.89
1.025,645.47,645.44,603.04,603.01,600,13.902
1.027,645.48,645.45,603.04,603,600,13.914
1.029,645.48,645.47,603.05,602.99,600,13.926
1.031,645.49,645.48,603.05,602.99,600,13.938
1.033,645.5,645.5,603.05,602.98,600,13.95
1.035,645.51,645.51,603.05,602.98,600,13.961
1.037,645.52,645.52,603.06,602.97,600,13.972
1.039,645.54,645.54,603.06,602.97,600,13.984
1.041,645.55,645.55,603.06,602.96,600,13.995
1.043,645.56,645.56,603.06,602.96,600,14.005
1.045,645.57,645.57,603.06,602.95,600,14.016
1.047,645.58,645.58,603.06,602.95,600,14.026
1.049,645.59,645.59,603.07,602.95,600,14.036
1.051,645.6,645.6,603.07,602.94,600,14.046
1.053,645.61,645.61,603.07,602.94,600,14.056
1.055,645.62,645.62,603.07,602.93,600,14.066
1.057,645.63,645.63,603.07,602.93,600,14.075
1.059,645.63,645.63,603.07,602.93,600,14.084
1.061,645.64,645.64,603.07,602.93,600,14.093
1.063,645.64,645.64,603.07,602.92,600,14.101
1.065,645.65,645.65,603.07,602.92,600,14.11
1.067,645.66,645.66,603.07,602.92,600,14.118
1.069,645.66,645.66,603.07,602.92,600,14.126
1.071,645.66,645.66,603.06,602.91,600,14.133
1.073,645.67,645.67,603.06,602.91,600,14.141
1.075,645.67,645.67,603.06,602.91,600,14.148
1.077,645.67,645.67,603.06,602.91,600,14.154
1.079,645.67,645.67,603.06,602.91,600,14.161
1.081,645.68,645.68,603.06,602.91,600,14.167
1.083,645.69,645.68,603.05,602.91,600,14.174
1.085,645.7,645.68,603.05,602.9,600,14.179
1.087,645.7,645.68,603.05,602.9,600,14.185
1.089,645.71,645.68,603.05,602.9,600,14.19
1.091,645.72,645.68,603.04,602.9,600,14.196
1.093,645.72,645.68,603.04,602.9,600,14.201
1.095,645.73,645.68,603.04,602.9,600,14.205
1.097,645.73,645.67,603.03,602.9,600,14.21
1.099,645.74,645.67,603.03,602.9,600,14.214
1.101,645.74,645.67,603.03,602.9,600,14.218
1.103,645.74,645.67,603.02,602.9,600,14.222
1.105,645.75,645.67,603.02,602.9,600,14.226
1.107,645.75,645.66,603.02,602.9,600,14.23
1.109,645.75,645.66,603.01,602.91,600,14.233
1.111,645.75,645.66,603.01,602.91,600,14.237
1.113,645.75,645.66,603,602.91,600,14.24
1.115,645.75,645.65,603,602.91,600,14.243
1.117,645.75,645.65,603,602.91,600,14.246
1.119,645.75,645.65,602.99,602.91,600,14.248
1.121,645.75,645.64,602.99,602.91,600,14.251
1.123,645.75,645.64,602.98,602.91,600,14.254
1.125,645.75,645.64,602.98,602.91,600,14.256
1.127,645.74,645.63,602.97,602.91,600,14.259
1.129,645.74,645.63,602.97,602.91,600,14.261
1.131,645.74,645.62,602.96,602.91,600,14.264
1.133,645.74,645.62,602.96,602.92,600,14.266
1.135,645.73,645.62,602.96,602.92,600,14.268
1.137,645.73,645.61,602.95,602.92,600,14.269
1.139,645.72,645.61,602.95,602.92,600,14.271
1.141,645.72,645.6,602.94,602.92,600,14.273
1.143,645.71,645.6,602.94,602.92,600,14.275
1.145,645.71,645.6,602.93,602.92,600,14.277
1.147,645.7,645.59,602.93,602.92,600,14.279
1.149,645.7,645.59,602.92,602.92,600,14.281
1.151,645.69,645.58,602.92,602.92,600,14.283
1.153,645.68,645.58,602.92,602.92,600,14.284
1.155,645.68,645.57,602.91,602.92,600,14.286
1.157,645.67,645.57,602.91,602.92,600,14.287
1.159,645.66,645.56,602.9,602.93,600,14.289
1.161,645.65,645.56,602.9,602.93,600,14.29
1.163,645.65,645.55,602.9,602.93,600,14.292
1.165,645.64,645.55,602.89,602.93,600,14.292
1.167,645.63,645.54,602.89,602.93,600,14.294
1.169,645.62,645.53,602.88,602.93,600,14.295
1.171,645.61,645.53,602.88,602.93,600,14.297
1.173,645.6,645.52,602.88,602.93,600,14.297
1.175,645.59,645.52,602.88,602.93,600,14.299
1.177,645.58,645.51,602.87,602.93,600,14.298
1.179,645.57,645.5,602.87,602.92,600,14.298
1.181,645.56,645.49,602.86,602.93,600,14.295
1.183,645.55,645.48,602.87,602.92,600,14.296
1.185,645.53,645.47,602.86,602.93,600,14.297
1.187,645.52,645.47,602.86,602.92,600,14.3
1.189,645.51,645.46,602.85,602.93,600,14.308
1.191,645.49,645.46,602.86,602.92,600,14.308
1.193,645.48,645.44,602.85,602.92,600,14.308
1.195,645.46,645.43,602.86,602.91,600,14.304
1.197,645.45,645.41,602.85,602.92,600,14.288
1.199,645.44,645.4,602.85,602.91,600,14.282
1.201,645.43,645.38,602.84,602.92,600,14.272
1.203,645.41,645.38,602.84,602.91,600,14.269
1.205,645.39,645.37,602.83,602.92,600,14.29
1.207,645.37,645.37,602.84,602.91,600,14.293
1.209,645.36,645.36,602.83,602.91,600,14.315
1.211,645.35,645.35,602.84,602.9,600,14.312
1.213,645.34,645.34,602.84,602.89,600,14.296
1.215,645.31,645.31,602.84,602.89,600,14.286
1.217,645.3,645.28,602.83,602.89,600,14.247
1.219,645.29,645.25,602.83,602.89,600,14.224
1.221,645.28,645.24,602.82,602.89,600,14.214
1.223,645.25,645.23,602.82,602.89,600,14.21
1.225,645.24,645.24,602.82,602.89,600,14.263
1.227,645.23,645.23,602.81,602.88,600,14.28
1.229,645.22,645.22,602.82,602.87,600,14.293
1.231,645.2,645.2,602.83,602.86,600,14.29
1.233,645.18,645.18,602.83,602.85,600,14.256
1.235,645.13,645.13,602.83,602.85,600,14.232
1.237,645.13,645.09,602.82,602.85,600,14.186
1.239,645.11,645.06,602.81,602.86,600,14.141
1.241,645.08,645.06,602.81,602.85,600,14.176
1.243,645.06,645.06,602.79,602.86,600,14.225
1.245,645.05,645.05,602.81,602.84,600,14.267
1.247,645.03,645.03,602.81,602.83,600,14.289
1.249,645.01,645.01,602.83,602.81,600,14.271
1.251,644.97,644.97,602.81,602.82,600,14.26
1.253,644.93,644.93,602.82,602.81,600,14.242
1.255,644.9,644.89,602.8,602.83,600,14.203
1.257,644.88,644.88,602.81,602.81,600,14.185
1.259,644.85,644.85,602.79,602.82,600,14.18
1.261,644.83,644.83,602.82,602.79,600,14.152
1.263,644.78,644.78,602.79,602.81,600,14.094
1.265,644.75,644.75,602.81,602.79,600,14.064
1.267,644.73,644.73,602.77,602.81,600,14.056
1.269,644.72,644.72,602.79,602.79,600,14.052
1.271,644.7,644.7,602.77,602.8,600,14.132
1.273,644.67,644.67,602.8,602.75,600,14.077
1.275,644.65,644.65,602.79,602.77,600,14.077
1.277,644.61,644.61,602.81,602.73,600,14.125
1.279,644.58,644.53,602.78,602.76,600,14.011
1.281,644.56,644.47,602.79,602.74,600,14.007
1.283,644.53,644.42,602.74,602.77,600,13.922
1.285,644.49,644.45,602.76,602.75,600,13.928
1.287,644.45,644.45,602.73,602.77,600,14.069
1.289,644.43,644.43,602.76,602.73,600,14.035
1.291,644.39,644.39,602.74,602.75,600,14.092
1.293,644.36,644.36,602.77,602.7,600,14.038
1.295,644.32,644.32,602.75,602.72,600,14.015
1.297,644.27,644.27,602.77,602.69,600,14.083
1.299,644.24,644.16,602.73,602.72,600,13.937
1.301,644.21,644.08,602.75,602.7,600,13.927
1.303,644.17,644.01,602.7,602.73,600,13.826
1.305,644.12,644.03,602.72,602.71,600,13.802
1.307,644.06,644.04,602.69,602.73,600,13.941
1.309,644.03,644.03,602.71,602.7,600,13.898
1.311,643.99,643.99,602.7,602.71,600,13.996
1.313,643.94,643.94,602.72,602.66,600,13.903
1.315,643.91,643.91,602.7,602.69,600,13.856
1.317,643.85,643.85,602.72,602.65,600,13.94
1.319,643.8,643.75,602.69,602.67,600,13.81
1.321,643.77,643.63,602.71,602.66,600,13.835
1.323,643.71,643.51,602.65,602.68,600,13.662
1.325,643.68,643.5,602.67,602.67,600,13.593
1.327,643.63,643.51,602.63,602.69,600,13.708
1.329,643.56,643.55,602.64,602.67,600,13.701
1.331,643.53,643.53,602.63,602.68,600,13.865
1.333,643.48,643.48,602.64,602.64,600,13.778
1.335,643.43,643.43,602.64,602.65,600,13.716
1.337,643.38,643.38,602.65,602.61,600,13.774
1.339,643.3,643.3,602.63,602.62,600,13.698
1.341,643.27,643.15,602.64,602.62,600,13.73
1.343,643.21,642.98,602.6,602.63,600,13.55
1.345,643.15,642.89,602.6,602.64,600,13.43
1.347,643.11,642.91,602.57,602.65,600,13.511
1.349,643.06,642.95,602.57,602.64,600,13.557
1.351,642.97,642.97,602.57,602.64,600,13.682
1.353,642.94,642.94,602.56,602.63,600,13.721
1.355,642.87,642.87,602.58,602.61,600,13.627
1.357,642.82,642.82,602.57,602.61,600,13.599
1.359,642.76,642.76,602.58,602.57,600,13.534
1.361,642.66,642.66,602.56,602.59,600,13.497
1.363,642.63,642.53,602.57,602.57,600,13.524
1.365,642.55,642.32,602.53,602.6,600,13.274
1.367,642.5,642.25,602.54,602.58,600,13.21
1.369,642.45,642.24,602.48,602.61,600,13.222
1.371,642.39,642.32,602.51,602.58,600,13.299
1.373,642.32,642.32,602.48,602.6,600,13.566
1.375,642.26,642.26,602.51,602.55,600,13.448
1.377,642.2,642.2,602.5,602.57,600,13.456
1.379,642.14,642.14,602.52,602.51,600,13.433
1.381,642.08,642.08,602.5,602.53,600,13.34
1.383,642,641.92,602.52,602.51,600,13.436
1.385,641.92,641.69,602.46,602.54,600,13.137
1.387,641.86,641.63,602.48,602.53,600,13.055
1.389,641.81,641.66,602.43,602.55,600,13.251
1.391,641.7,641.7,602.45,602.52,600,13.314
1.393,641.64,641.64,602.46,602.52,600,13.429
1.395,641.57,641.57,602.47,602.49,600,13.38
1.397,641.49,641.49,602.48,602.48,600,13.31
1.399,641.38,641.36,602.46,602.49,600,13.242
1.401,641.3,641.3,602.46,602.48,600,13.158
1.403,641.24,641.24,602.44,602.5,600,13.159
1.405,641.18,641.18,602.47,602.46,600,13.057
1.407,641.11,641.11,602.45,602.46,600,12.999
1.409,641.01,641.01,602.49,602.42,600,13.004
1.411,640.96,640.82,602.44,602.45,600,12.765
1.413,640.9,640.75,602.45,602.43,600,12.7
1.415,640.83,640.76,602.4,602.46,600,12.847
1.417,640.77,640.77,602.42,602.43,600,12.882
1.419,640.67,640.67,602.41,602.44,600,13.104
1.421,640.62,640.56,602.44,602.38,600,12.934
1.423,640.54,640.54,602.44,602.4,600,12.913
1.425,640.5,640.5,602.45,602.36,600,13.1
1.427,640.39,640.36,602.42,602.39,600,12.93
1.429,640.34,640.21,602.42,602.38,600,12.88
1.431,640.25,640.16,602.4,602.4,600,12.828
1.433,640.14,640.13,602.4,602.38,600,12.803
1.435,640.07,640.07,602.41,602.38,600,12.823
1.437,639.97,639.97,602.4,602.37,600,12.704
1.439,639.9,639.89,602.4,602.37,600,12.582
1.441,639.83,639.83,602.37,602.37,600,12.509
1.443,639.77,639.77,602.38,602.37,600,12.514
1.445,639.69,639.69,602.36,602.36,600,12.503
1.447,639.63,639.63,602.38,602.33,600,12.407
1.449,639.57,639.57,602.38,602.33,600,12.467
1.451,639.49,639.46,602.37,602.31,600,12.427
1.453,639.42,639.22,602.36,602.33,600,12.373
1.455,639.35,639.04,602.32,602.33,600,12.163
1.457,639.29,639.04,602.32,602.34,600,12.09
1.459,639.24,639.12,602.3,602.35,600,12.329
1.461,639.15,639.15,602.31,602.32,600,12.345
1.463,639.07,639.07,602.31,602.33,600,12.442
1.465,638.99,638.99,602.33,602.29,600,12.333
1.467,638.93,638.93,602.33,602.29,600,12.252
1.469,638.8,638.8,602.34,602.28,600,12.358
1.471,638.74,638.58,602.3,602.3,600,12.111
1.473,638.65,638.4,602.31,602.3,600,12.004
1.475,638.58,638.37,602.26,602.32,600,12.001
1.477,638.49,638.42,602.28,602.31,600,12.022
1.479,638.39,638.39,602.27,602.32,600,12.16
1.481,638.32,638.32,602.29,602.29,600,12.074
1.483,638.23,638.23,602.29,602.28,600,12.014
1.485,638.1,638.09,602.29,602.29,600,11.989
1.487,638.04,637.97,602.27,602.3,600,11.863
1.489,637.96,637.9,602.25,602.31,600,11.805
1.491,637.86,637.86,602.26,602.3,600,11.747
1.493,637.79,637.79,602.26,602.29,600,11.656
1.495,637.71,637.71,602.28,602.26,600,11.558
1.497,637.63,637.53,602.28,602.27,600,11.508
1.499,637.54,637.33,602.26,602.26,600,11.354
1.501,637.46,637.22,602.24,602.29,600,11.203
1.503,637.42,637.29,602.24,602.29,600,11.359
1.505,637.32,637.32,602.23,602.28,600,11.481
1.507,637.23,637.23,602.25,602.28,600,11.547
1.509,637.15,637.13,602.27,602.25,600,11.462
1.511,637.08,637.08,602.28,602.24,600,11.402
1.513,637,637,602.28,602.25,600,11.449
1.515,636.89,636.84,602.28,602.25,600,11.345
1.517,636.81,636.64,602.26,602.28,600,11.149
1.519,636.72,636.58,602.27,602.28,600,11.069
1.521,636.63,636.55,602.25,602.3,600,11.062
1.523,636.51,636.51,602.28,602.29,600,11.042
1.525,636.44,636.44,602.27,602.3,600,11.076
1.527,636.35,636.35,602.31,602.27,600,10.937
1.529,636.27,636.27,602.3,602.3,600,10.861
1.531,636.17,636.17,602.33,602.28,600,10.84
1.533,636.1,636.03,602.3,602.33,600,10.657
1.535,636.03,635.96,602.33,602.32,600,10.583
1.537,635.94,635.9,602.3,602.36,600,10.561
1.539,635.87,635.87,602.34,602.33,600,10.479
1.541,635.8,635.8,602.33,602.36,600,10.469
1.543,635.73,635.73,602.37,602.34,600,10.373
1.545,635.65,635.65,602.36,602.37,600,10.253
1.547,635.59,635.54,602.39,602.36,600,10.192
1.549,635.53,635.46,602.37,602.4,600,10.047
1.551,635.47,635.41,602.39,602.4,600,9.9563
1.553,635.39,635.38,602.4,602.43,600,9.9624
1.555,635.34,635.34,602.42,602.42,600,9.8902
1.557,635.28,635.28,602.44,602.44,600,9.8206
1.559,635.23,635.23,602.47,602.45,600,9.7344
1.561,635.16,635.16,602.48,602.47,600,9.6101
1.563,635.09,635.09,602.5,602.49,600,9.5208
1.565,635.05,635.02,602.5,602.51,600,9.391
1.567,635,634.97,602.53,602.53,600,9.2756
1.569,634.94,634.92,602.54,602.56,600,9.1791
1.571,634.89,634.88,602.58,602.57,600,9.0722
1.573,634.84,634.84,602.59,602.6,600,8.9825
1.575,634.8,634.8,602.63,602.62,600,8.8554
1.577,634.75,634.75,602.65,602.66,600,8.7693
1.579,634.71,634.71,602.68,602.68,600,8.6033
1.581,634.67,634.67,602.72,602.74,600,8.5324
1.583,634.63,634.63,602.74,602.75,600,8.3538
1.585,634.6,634.59,602.81,602.83,600,8.2204
1.587,634.57,634.56,602.81,602.83,600,8.1025
1.589,634.54,634.53,602.9,602.93,600,7.883
1.591,634.51,634.51,602.91,602.92,600,7.803
1.593,634.49,634.49,602.99,603.03,600,7.5678
1.595,634.47,634.47,603.02,603.03,600,7.4461
1.597,634.45,634.45,603.11,603.15,600,7.2476
1.599,634.43,634.43,603.14,603.16,600,7.0482
1.601,634.42,634.42,603.26,603.29,600,6.8752
1.603,634.41,634.41,603.29,603.31,600,6.6206
1.605,634.41,634.41,603.44,603.48,600,6.3965
1.607,634.41,634.41,603.48,603.49,600,6.1705
1.609,634.42,634.42,603.65,603.7,600,5.8549
1.611,634.43,634.43,603.73,603.71,600,5.673
1.613,634.45,634.45,603.91,603.96,600,5.3002
1.615,634.47,634.47,604.03,603.98,600,4.9564
1.617,634.51,634.51,604.24,604.26,600,4.5892
1.619,634.57,634.57,604.39,604.35,600,4.0586
1.621,634.63,634.63,604.76,604.7,600,3.8155
1.623,634.7,634.7,604.96,605.04,600,3.3377
1.625,634.83,634.8,605.43,605.3,600,2.7563
1.627,635.17,634.98,605.46,605.63,600,1.5723
1.629,635.65,635.5,605.57,605.53,600,0.11559
