case,kind,uf4_mol_pct,enrichment,core_radius,core_height,keff,keff_std,leakage_fraction,lattice_shape,runtime_s,core_volume_m3,fuel_salt_volume_m3,fuel_salt_mass_kg,u235_mass_kg,u_mass_kg,particles,batches,inactive
A,scan,4.0,19.75,70.0,140.0,0.8916300437682259,0.0015929728213315,0.3457199999999999,"(47, 35, 35)",45.57710933685303,2.1551325603625977,0.371903382479579,964.3567089552832,35.68252678399294,180.67102202033928,10000,100,40
A,scan,4.0,19.75,100.0,200.0,1.1206330470520367,0.0014304965192307,0.1959049999999999,"(67, 51, 51)",49.420233726501465,6.283185307179586,1.0842664212232629,2811.535594621817,104.03069033234097,526.7376735286858,10000,100,40
A,scan,4.0,19.75,130.0,260.0,1.2327262004397777,0.0013441910877631,0.1230916666666666,"(87, 65, 65)",54.525338888168335,13.80415811987355,2.3821333274275083,6176.943701384133,228.5554266601531,1157.2426687425232,10000,100,40
A,scan,4.0,19.75,160.0,320.0,1.293339698950806,0.0012970795700573,0.083895,"(107, 81, 81)",55.83110308647156,25.735927018207587,4.441155261330484,11516.049795570963,426.10970760126855,2157.517510773497,10000,100,40
A,scan,4.0,19.75,200.0,400.0,1.3403493649950262,0.0011605163103321,0.0536199999999999,"(135, 101, 101)",59.40865087509155,50.26548245743669,8.674131369786101,22492.28475697453,832.2455226587276,4213.901388229487,10000,100,40
B,scan,4.0,19.75,70.0,140.0,0.8966989712245588,0.0014207009622531,0.3319033333333333,"(55, 35, 45)",45.20221829414368,2.1551325603625977,0.4291192874764374,1112.7192795637886,41.17214628922263,208.4665638696222,10000,100,40
B,scan,4.0,19.75,100.0,200.0,1.1159814286190757,0.0013387530556698,0.18546,"(77, 51, 63)",50.85031175613403,6.283185307179586,1.251076639872995,3244.0795322559434,120.03541192193188,607.7742386869453,10000,100,40
B,scan,4.0,19.75,130.0,260.0,1.2200825624730915,0.0012556280633981,0.1164216666666666,"(101, 65, 83)",56.40420866012573,13.80415811987355,2.748615377800971,7127.242732366307,263.71779999248434,1335.2800023952186,10000,100,40
B,scan,4.0,19.75,160.0,320.0,1.2749915677060355,0.0010243131799554,0.0803666666666666,"(125, 81, 101)",54.54905533790589,25.735927018207587,5.124409916919789,13287.749764120344,491.665047232233,2489.443281661728,10000,100,40
B,scan,4.0,19.75,200.0,400.0,1.3171438355474792,0.0012604979761329,0.0517966666666666,"(155, 101, 125)",60.8455286026001,50.26548245743669,10.008613118983964,25952.636258047547,960.283295375455,4862.193909495562,10000,100,40
A,scan,4.0,19.75,80.0,160.0,0.987895040887219,0.001305153211304,0.2813216666666666,"(55, 41, 41)",45.54033279418945,3.2169908772759483,0.5551444076663105,1439.5062244463704,53.26371345015857,269.68968884668715,10000,100,40
A,scan,4.0,19.75,90.0,180.0,1.0645103210365503,0.0013634519889763,0.2318683333333333,"(61, 45, 45)",50.21006798744202,4.580442088933919,0.7904302210717585,2049.609448479305,75.83837325227657,383.991764002412,10000,100,40
B,scan,4.0,19.75,80.0,160.0,0.9917348298611548,0.0011810580820708,0.269545,"(63, 41, 51)",47.006407737731934,3.2169908772759483,0.6405512396149736,1660.968720515043,61.458130904029126,311.180410207716,10000,100,40
B,scan,4.0,19.75,90.0,180.0,1.0628989576647112,0.0013501826054747,0.22148,"(71, 45, 57)",48.97360706329346,4.580442088933919,0.9120348704674136,2364.9339790145823,87.50581529108833,443.0674200027831,10000,100,40
A,confirm,4.0,19.75,81.43,162.86,0.9997786890778647,0.001341707419761028,0.2729716666666667,"(55, 41, 41)",46.741753339767456,3.3926040229566454,0.5854493290840176,1518.08780143736,56.17134005727476,284.4118489095466,10000,100,40
B,confirm,4.0,19.75,81.23,162.46,0.9983470072921298,0.0014091402889357951,0.26267333333333326,"(63, 41, 51)",48.89755845069885,3.3676676731147905,0.6705532545530793,1738.7648518511908,64.33669493984156,325.75541801054146,10000,100,40
