sample,slot_width,slot_depth,web_thickness,wall_thickness,enrichment,core_radius,pitch_x,pitch_y,pitch_z,slot_area,slot_perimeter,fuel_vf,coolant_vf,graphite_vf,graphite_to_fuel,coolant_to_fuel,fuel_hydraulic_diam,fuel_wetted_area_per_fuel_vol,slab_thickness,core_volume_l,core_fuel_volume_l,core_coolant_volume_l,keff,keff_std,runtime_s,status
1,1.1538691385474986,1.0146497935192178,1.9367565461112413,2.6721916886379393,33.477,70.0,12.541060501048534,3.0906256846587397,3.0906256846587397,0.9498374442983524,3.9015464457381848,0.04901156941746065,0.04901156941746065,0.9019768611650787,18.403345819890117,1.0,0.9738061125335548,4.1075938510934025,9.868868812410595,2155.132560362598,105.62642908604117,105.62642908604117,,,,built
3,1.7700129427279057,1.5339919009464582,1.8069855635834318,1.0758769280428038,33.477,70.0,12.632801222578932,3.5769985063113374,3.5769985063113374,2.210199251692798,5.949614728795629,0.09782345598194157,0.09782345598194157,0.8043530880361168,8.222497150219292,1.0,1.485944453509315,2.6918906629068857,11.556924294536127,2155.132560362598,210.82251515387964,210.82251515387964,,,,built
4,2.235431953716178,1.6248332513526966,0.8002261144646264,2.4105834329210367,33.477,70.0,11.310594781725703,3.0356580681808047,3.0356580681808047,3.065637488628105,7.023146010311381,0.17857164475777748,0.17857164475777748,0.642856710484445,3.599993220404306,1.0,1.746019509847659,2.290925145704129,8.900011348804666,2155.132560362598,384.8455659749893,384.8455659749893,,,,built
5,1.5210259730684812,1.4867027739700083,1.3611657345504584,1.6692983722431247,33.477,70.0,11.699606671774532,2.8821917076189396,2.8821917076189396,1.786982283383294,5.3773592025248345,0.10598785835648829,0.10598785835648829,0.7880242832870235,7.435042989891519,1.0,1.3292638383124946,3.0091843956862734,10.030308299531407,2155.132560362598,228.417884547167,228.417884547167,,,,built
7,2.0050167780889283,1.180788024286827,1.6389839452537922,1.4362312721871924,33.477,70.0,11.076335205095877,3.6440007233427205,3.6440007233427205,2.0682889664684274,5.864811047451008,0.10248650095622018,0.10248650095622018,0.7950269980875597,7.757382588631614,1.0,1.4106432072469628,2.8355859082230106,9.640103932908684,2155.132560362598,220.87199520838266,220.87199520838266,,,,built
8,2.324837946987219,0.992936124201531,1.757604520359263,1.2388867019991157,33.477,70.0,10.483444759883028,4.082442467346482,4.082442467346482,2.0968348770396634,6.209376310612164,0.09798737945321352,0.09798737945321352,0.804025241093573,8.205395894656766,1.0,1.3507539386563239,2.961309151523956,9.244558057883912,2155.132560362598,211.1757919642255,211.1757919642255,,,,built
9,2.3826041837525818,1.316108921483512,1.447426680049817,2.142328320894493,33.477,70.0,11.749044046977993,3.8300308638023988,3.8300308638023988,2.7640456193804805,6.832547427033457,0.12284865234467524,0.12284865234467524,0.7543026953106495,6.14009743626906,1.0,1.618164029682012,2.471937286101982,9.6067157260835,2155.132560362598,264.7551306646746,264.7551306646746,,,,built
10,1.9944324927523192,1.2685386826477112,0.9479495057143468,2.634879266154507,33.477,70.0,10.552882513888392,2.942381998466666,2.942381998466666,2.18467955398307,5.9814808886049,0.14071732861766778,0.14071732861766778,0.7185653427646644,5.106445310065706,1.0,1.4609623233236593,2.7379213934142275,7.918003247733885,2155.132560362598,303.26449671117945,303.26449671117945,,,,built
11,1.667277719650516,0.8717455156690768,1.0112914990384458,2.899353144849621,33.477,70.0,9.420209704641266,2.6785692186889616,2.6785692186889616,1.2903573033905795,4.703890093213941,0.10227665960978018,0.10227665960978018,0.7954466807804397,7.7774018413911445,1.0,1.097268242089339,3.6454167236112553,6.520856559791645,2155.132560362598,220.41975929015948,220.41975929015948,,,,built
