kind,core_radius,core_height,reflector_radial,reflector_axial,keff,keff_std,leakage_fraction,outer_diameter,outer_height,reflector_graphite_volume_m3,fuel_salt_volume_m3,fuel_salt_mass_kg,u235_mass_kg,runtime_s,enrichment,uf4_mol_pct,particles,batches,inactive
scan,85.0,170.0,0.0,0.0,1.0299811616737795,0.001333202383343,0.254125,170.0,170.0,0.0,0.6658751159337362,1726.6342970471237,63.887847700348885,49.50790810585022,19.75,4.0,10000,100,40
scan,85.0,170.0,10.0,10.0,1.1030449824610624,0.0011224099698196,0.2130916666666666,190.0,190.0,1.5283848259714348,0.6658751159337362,1726.6342970471237,63.887847700348885,50.1220920085907,19.75,4.0,10000,100,40
scan,85.0,170.0,20.0,20.0,1.16403244249809,0.0013238051580682,0.1842133333333333,210.0,210.0,3.414911214452105,0.6658751159337362,1726.6342970471237,63.887847700348885,51.98590755462647,19.75,4.0,10000,100,40
scan,85.0,170.0,30.0,30.0,1.209969673351312,0.0012710362582475,0.1601433333333332,230.0,230.0,5.69727827728509,0.6658751159337362,1726.6342970471237,63.887847700348885,51.08257699012756,19.75,4.0,10000,100,40
scan,85.0,170.0,45.0,45.0,1.2562969967788011,0.0013998821635049,0.1310466666666666,260.0,260.0,9.945496943101888,0.6658751159337362,1726.6342970471237,63.887847700348885,55.89580941200256,19.75,4.0,10000,100,40
scan,85.0,170.0,60.0,60.0,1.2794415827090844,0.0012625551954654,0.1084583333333333,290.0,290.0,15.296414630328703,0.6658751159337362,1726.6342970471237,63.887847700348885,57.22620725631714,19.75,4.0,10000,100,40
crit,45.0,90.0,30.0,30.0,0.953968841996609,0.0014428802117763,0.3413916666666666,150.0,150.0,2.078163540349648,0.0988037776339698,256.20118105991315,9.479796656534573,45.97833824157715,19.75,4.0,10000,100,40
crit,55.0,110.0,30.0,30.0,1.049833425400671,0.0012573588359795,0.2739533333333333,170.0,170.0,2.8132962212896597,0.1803948258310203,467.76923455520495,17.30810610404323,51.82146644592285,19.75,4.0,10000,100,40
crit,65.0,130.0,30.0,30.0,1.1209442051579646,0.0012780581095343,0.22419,190.0,190.0,3.661526237758904,0.2977666659284385,772.1179626730167,28.569428332519134,51.97481751441956,19.75,4.0,10000,100,40
crit,49.8,99.6,30.0,30.0,1.0083683489386337,0.0012104468165827504,0.30425166666666664,159.6,159.6,2.4169126797268055,0.13391339994546891,347.24149265707746,12.848413607940579,48.36322736740112,19.75,4.0,10000,100,40
