case,d_f_cm,q_avg_MW_m3,q_peak_MW_m3,mode,coolant,h_W_m2K,mesh,cells_fuel,iterations,T_peak_C,z_peak_m,dT_fuel_wall_max_K,z_dTmax_m,T_wall_max_C,T_graphite_max_C,wall_LR_asym_max_K,U_max_mm_s,Uz_up_max_mm_s,Uz_down_max_mm_s,Tpeak_iter_range_K,Umax_rel_change_last1000,Tpeak_iter_mean_C,Tpeak_iter_min_C,Tpeak_iter_max_C,energy_balance_out_over_in,steady_converged,T_peak_best_C,T_best_lo_C,T_best_hi_C,T_peak_transient_mean_C,T_peak_transient_min_C,T_peak_transient_max_C,transient_t_end_s,dT_ratio_cond_over_conv,T_peak_cond_C,T_peak_reduction_K
d05mm_q10_cond,0.5,10,14,conduction,linear,fixedT,base,32600,1000,662.41,1.339,41.666,0.815,650.96,650.89,0,0,0,-0,0,0,662.41,662.41,662.41,1,True,662.41,662.41,662.41,,,,,,,
d05mm_q10_cond_Tc600,0.5,10,14,conduction,uniform,fixedT,base,32600,1000,647.5,0.815,41.666,0.815,605.83,605.47,0,0,0,-0,0,0,647.5,647.5,647.5,1,True,647.5,647.5,647.5,,,,,,,
d05mm_q10_conv,0.5,10,14,convection,linear,fixedT,base,32600,3000,662.76,1.349,40.523,0.839,651.39,651.28,1e-05,3.3808,3.3808,2.632,0.01638,0.00035104,662.75,662.7,662.76,0.99998,True,662.76,662.76,662.76,,,,,1.0282,662.41,-0.3523
d05mm_q10_conv_Tc600,0.5,10,14,convection,uniform,fixedT,base,32600,3000,647.43,0.843,41.607,0.849,605.83,605.46,1e-05,3.4649,3.4649,2.6785,0.01376,0.00050171,647.42,647.37,647.43,0.99998,True,647.43,647.43,647.43,,,,,1.0014,647.5,0.06806
d05mm_q10_conv_h1000,0.5,10,14,convection,linear,1000,base,32600,3000,691.26,1.119,40.325,0.859,659.63,659.51,7e-05,3.9273,3.9273,3.0638,0.01459,0.00023184,691.25,691.23,691.26,0.99996,True,691.26,691.26,691.26,,,,,,,
d05mm_q10_conv_h300,0.5,10,14,convection,linear,300,base,32600,5000,767.66,0.999,39.966,0.913,728.13,727.79,0.43427,5.3875,5.3875,4.2923,0.0739,0.00097555,767.58,767.47,767.66,0.99963,True,767.66,767.66,767.66,,,,,,,
d05mm_q1_cond,0.5,1,1.4,conduction,linear,fixedT,base,32600,1000,650.71,1.629,4.1666,0.815,649.88,649.92,0,0,0,-0,0,0,650.71,650.71,650.71,1,True,650.71,650.71,650.71,,,,,,,
d05mm_q1_conv,0.5,1,1.4,convection,linear,fixedT,base,32600,3000,650.74,1.629,4.0736,0.815,649.89,649.92,0,0.29516,0.29516,0.23689,0.00044,0.00031759,650.74,650.74,650.74,0.99999,True,650.74,650.74,650.74,,,,,1.0228,650.71,-0.03104
d05mm_q20_cond,0.5,20,28,conduction,linear,fixedT,base,32600,1000,702.16,1.049,83.332,0.815,652.17,652.02,0,0,0,-0,0,0,702.16,702.16,702.16,1,True,702.16,702.16,702.16,,,,,,,
d05mm_q20_cond_Tc600,0.5,20,28,conduction,uniform,fixedT,base,32600,1000,695,0.815,83.332,0.815,611.67,610.94,0,0,0,-0,0,0,695,695,695,1,True,695,695,695,,,,,,,
d05mm_q20_conv,0.5,20,28,convection,linear,fixedT,base,32600,3000,702.68,1.101,80.331,0.871,653.9,653.61,0.03259,7.7396,7.7396,5.8453,0.0331,0.00018595,702.66,702.58,702.69,0.99983,True,702.68,702.68,702.68,,,,,1.0374,702.16,-0.51779
d05mm_q20_conv_Tc600,0.5,20,28,convection,uniform,fixedT,base,32600,3000,694.37,0.879,82.785,0.881,611.59,610.87,0.01647,7.9441,7.9441,5.945,0.01,0.0002297,694.36,694.31,694.37,0.99991,True,694.37,694.37,694.37,,,,,1.0066,695,0.63162
d05mm_q20_conv_meshCoarse,0.5,20,28,convection,linear,fixedT,coarse,8160,6000,697.53,1.0647,79.617,0.817,653.58,653.07,2.767,24.755,8.0711,7.8204,0.70352,0.047196,697.39,697.04,697.8,1.0322,False,697.39,697.04,697.8,,,,,1.0467,702.16,4.7646
d05mm_q20_conv_meshFine,0.5,20,28,convection,linear,fixedT,fine,130400,8000,702.49,1.1095,80.214,0.8705,654.01,653.85,1e-05,7.6941,7.6941,5.819,0.23491,0.0039456,702.22,701.79,702.49,0.99791,True,702.49,702.49,702.49,,,,,1.0389,702.16,-0.32863
d05mm_q30_cond,0.5,30,42,conduction,linear,fixedT,base,32600,1000,747.26,0.969,125,0.815,653.37,653.14,0,0,0,-0,0,0,747.26,747.26,747.26,1,True,747.26,747.26,747.26,,,,,,,
d05mm_q30_conv,0.5,30,42,convection,linear,fixedT,base,32600,3000,746.77,1.069,119.03,0.899,657.46,656.92,0.20436,13.073,13.073,9.6479,0.4781,0.0043252,747.12,746.77,747.63,0.99837,True,746.77,746.77,746.77,,,,,1.0501,747.26,0.4935
d05mm_q3_cond,0.5,3,4.2,conduction,linear,fixedT,base,32600,1000,652.66,1.629,12.5,0.815,650.12,650.1,1e-05,0,0,-0,0,0,652.66,652.66,652.66,1,True,652.66,652.66,652.66,,,,,,,
d05mm_q3_conv,0.5,3,4.2,convection,linear,fixedT,base,32600,3000,652.96,1.629,12.209,0.819,650.16,650.13,0,0.91358,0.91358,0.72808,0.00263,0.00034392,652.96,652.95,652.96,0.99999,True,652.96,652.96,652.96,,,,,1.0238,652.66,-0.30032
d05mm_q40_cond,0.5,40,56,conduction,linear,fixedT,base,32600,1000,793.58,0.929,166.66,0.815,654.57,654.27,1e-05,0,0,-0,0,0,793.58,793.58,793.58,1,True,793.58,793.58,793.58,,,,,,,
d05mm_q40_conv,0.5,40,56,convection,linear,fixedT,base,32600,3000,790.49,1.079,156.34,0.945,661.78,660.94,0.38549,19.374,19.374,13.997,1.6521,0.016792,791.51,790.49,792.18,0.99484,False,791.51,790.49,792.18,,,,,1.066,793.58,2.0696
d10mm_q10_cond,1,10,14,conduction,linear,fixedT,base,32600,1000,782.09,0.937,166.66,0.815,652.17,652.02,1e-05,0,0,-0,0,0,782.09,782.09,782.09,1,True,782.09,782.09,782.09,,,,,,,
d10mm_q10_conv,1,10,14,convection,linear,fixedT,base,32600,6000,695.39,0.729,89.589,0.611,654.3,654.01,11.462,33.608,14.992,17.644,2.4432,0.044199,696.74,694.39,699.92,1.057,False,696.74,694.39,699.92,,,,,1.8603,782.09,85.352
d10mm_q1_cond,1,1,1.4,conduction,linear,fixedT,base,32600,1000,653.33,1.629,16.666,0.815,650,649.99,0,0,0,-0,0,0,653.33,653.33,653.33,1,True,653.33,653.33,653.33,,,,,,,
d10mm_q1_conv,1,1,1.4,convection,linear,fixedT,base,32600,3000,653.93,1.629,12.522,0.859,650.19,650.17,1e-05,3.093,3.093,2.6467,0.00312,0.00056149,653.93,653.93,653.94,1,True,653.93,653.93,653.93,,,,,1.3309,653.33,-0.59743
d10mm_q2_cond,1,2,2.8,conduction,linear,fixedT,base,32600,1000,657.01,1.629,33.332,0.815,650.24,650.21,0,0,0,-0,0,0,657.01,657.01,657.01,1,True,657.01,657.01,657.01,,,,,,,
d10mm_q2_conv,1,2,2.8,convection,linear,fixedT,base,32600,7000,660.4,1.629,24.378,0.911,651.17,651.07,4e-05,6.4031,6.4031,5.4252,0.00092,2.9673e-06,660.4,660.39,660.4,1,True,660.4,660.4,660.4,,,,,1.3673,657.01,-3.3891
d10mm_q3_cond,1,3,4.2,conduction,linear,fixedT,base,32600,1000,666.5,1.259,49.998,0.815,650.48,650.44,0,0,0,-0,0,0,666.5,666.5,666.5,1,True,666.5,666.5,666.5,,,,,,,
d10mm_q3_cond_Tc600,1,3,4.2,conduction,uniform,fixedT,base,32600,1000,653.5,0.815,49.998,0.815,603.5,603.28,0,0,0,-0,0,0,653.5,653.5,653.5,1,True,653.5,653.5,653.5,,,,,,,
d10mm_q3_conv,1,3,4.2,convection,linear,fixedT,base,32600,7000,670.07,1.629,35.497,0.951,652.9,652.68,0.007,9.886,9.886,8.2798,0.00442,7.2831e-07,670.06,670.05,670.07,0.9998,True,670.07,670.07,670.07,,,,,1.4085,666.5,-3.568
d10mm_q3_conv_Tc600,1,3,4.2,convection,uniform,fixedT,base,32600,7000,645.75,1.115,42.778,1.139,605.63,605.25,1.2135,14.358,14.357,11.265,0.10648,0.002724,645.86,645.72,646.13,0.99462,False,645.86,645.72,646.13,,,,,1.1688,653.5,7.6414
d10mm_q3_conv_h1000,1,3,4.2,convection,linear,1000,base,32600,7000,684.22,1.629,34.541,1.001,667.41,667.2,0.09177,11.024,11.024,9.0644,0.11061,8.7718e-05,684.08,683.83,684.22,0.99867,True,684.22,684.22,684.22,,,,,,,
d10mm_q3_conv_h300,1,3,4.2,convection,linear,300,base,32600,7000,721.25,1.201,30.537,0.981,696.75,696.51,12.641,13.754,11.061,13.754,3.4852,0.018184,721.27,717.73,723.7,1.0088,False,721.27,717.73,723.7,,,,,,,
d10mm_q5_cond,1,5,7,conduction,linear,fixedT,base,32600,2000,696.74,1.067,83.329,0.815,650.97,650.89,0,0,0,-0,0,0,696.74,696.74,696.74,1,True,696.74,696.74,696.74,,,,,,,
d10mm_q5_cond_Tc600,1,5,7,conduction,uniform,fixedT,base,32600,2000,689.16,0.815,83.329,0.815,605.83,605.47,0,0,0,-0,0,0,689.16,689.16,689.16,1,True,689.16,689.16,689.16,,,,,,,
d10mm_q5_conv,1,5,7,convection,linear,fixedT,base,32600,7000,679.87,0.977,60.56,0.963,654.41,654.11,6.7271,20.677,13.142,13.693,2.7389,0.041325,680.62,678.74,682.99,1.0039,False,684.4,679.16,688.08,684.4,679.16,688.08,428.55,1.376,696.74,12.346
d10mm_q5_conv_Tc600,1,5,7,convection,uniform,fixedT,base,32600,7000,676.55,0.925,65.855,0.903,614.82,613.62,8.9471,25.283,16.622,19.221,4.2715,0.17266,677.56,675.01,681.31,1.0277,False,677.56,675.01,681.31,,,,,1.2653,689.16,11.6
